{
    "train_loss": [
        1.8935063222885131,
        1.5741397663116454,
        1.3669917635917663,
        1.2336445408821106,
        1.1369248477935792,
        1.0586594261169433,
        1.0057244596481323,
        0.9517127377510071,
        0.9046678502082824,
        0.8714264364242553,
        0.8357221189498901,
        0.8008114248275757,
        0.7677526320934296,
        0.7481396646499634,
        0.719466666841507,
        0.7062290012836456,
        0.6843089296340943,
        0.6722095260620117,
        0.6438519800186158,
        0.6282960877418519,
        0.6099966488361359,
        0.6026377286434174,
        0.5916799220085144,
        0.5783418860435486,
        0.5662175166130066,
        0.5561811720132828,
        0.5428102237224579,
        0.48195221779346464,
        0.48113110432624817,
        0.4737158652305603,
        0.4641113044023514,
        0.45590328454971313,
        0.45206574161052704,
        0.4445114797592163,
        0.43790724318027496,
        0.43110683708190917,
        0.426690952706337,
        0.39616874475479125,
        0.392265914273262,
        0.3864505261659622,
        0.3872182287931442,
        0.3772336416721344,
        0.37686060094833373,
        0.3749448737859726,
        0.37455465207099914,
        0.37141502933502196,
        0.3667406946897507,
        0.36903766505718233,
        0.3529901529312134
    ],
    "val_loss": [
        1.637819888496399,
        1.3767351860046386,
        1.2892363380432128,
        1.1833883199691773,
        1.053416050338745,
        1.0340979976654052,
        0.9609164430618287,
        0.8803885929107667,
        0.8889311126708984,
        0.8311834701538086,
        0.8074895734786988,
        0.8361678579330444,
        0.8072720825195312,
        0.828826545715332,
        0.7908924764633178,
        0.7318250633239746,
        0.7371823383331298,
        0.735920983505249,
        0.696233277130127,
        0.7509119534492492,
        0.6770744928359985,
        0.6902759801864624,
        0.6531508100509643,
        0.6549346665382385,
        0.665361911201477,
        0.6752330310821533,
        0.6530033393859863,
        0.5903817873954773,
        0.5816262122154235,
        0.5752678776741028,
        0.5820261236190796,
        0.6070504821777344,
        0.5679377878189087,
        0.5839211259841919,
        0.5745644268035889,
        0.592743365097046,
        0.5900472113609314,
        0.5605373477935791,
        0.5700427805900574,
        0.5561386711120605,
        0.57175138463974,
        0.5473555414199829,
        0.5579815257072449,
        0.5518055653572083,
        0.5633206510543823,
        0.5576847408294677,
        0.565503559589386,
        0.5530651770591736,
        0.5551618274688721
    ],
    "train_acc": [
        0.2666749954223633,
        0.4087999761104584,
        0.5016999840736389,
        0.5534250140190125,
        0.5898999571800232,
        0.6143249869346619,
        0.6404249668121338,
        0.6600250005722046,
        0.6789999604225159,
        0.6892499923706055,
        0.7043749690055847,
        0.7167750000953674,
        0.7299999594688416,
        0.7378749847412109,
        0.748824954032898,
        0.7537499666213989,
        0.7601000070571899,
        0.7640999555587769,
        0.7769749760627747,
        0.7815999984741211,
        0.7883249521255493,
        0.790649950504303,
        0.7928249835968018,
        0.7991999983787537,
        0.8024749755859375,
        0.8068999648094177,
        0.8131499886512756,
        0.8317499756813049,
        0.8344249725341797,
        0.8342750072479248,
        0.8388999700546265,
        0.841124951839447,
        0.8422499895095825,
        0.8445249795913696,
        0.8480249643325806,
        0.850600004196167,
        0.8522499799728394,
        0.8616249561309814,
        0.8633749485015869,
        0.8650749921798706,
        0.8654499650001526,
        0.8696249723434448,
        0.8697249889373779,
        0.8683750033378601,
        0.870199978351593,
        0.8696749806404114,
        0.8708499670028687,
        0.8708750009536743,
        0.8775999546051025
    ],
    "val_acc": [
        0.37109997868537903,
        0.5001000165939331,
        0.5357999801635742,
        0.5734999775886536,
        0.6261999607086182,
        0.6401000022888184,
        0.659500002861023,
        0.6923999786376953,
        0.691100001335144,
        0.7092999815940857,
        0.7188000082969666,
        0.7152000069618225,
        0.726099967956543,
        0.7208999991416931,
        0.731499969959259,
        0.7545999884605408,
        0.7498999834060669,
        0.750499963760376,
        0.7627999782562256,
        0.7475000023841858,
        0.7692999839782715,
        0.7702999711036682,
        0.788599967956543,
        0.7836999893188477,
        0.7821999788284302,
        0.7833999991416931,
        0.7815999984741211,
        0.8082999587059021,
        0.8077999949455261,
        0.809499979019165,
        0.8075000047683716,
        0.8025999665260315,
        0.8151999711990356,
        0.8132999539375305,
        0.8115999698638916,
        0.8071999549865723,
        0.8070999979972839,
        0.8175999522209167,
        0.8176999688148499,
        0.8223999738693237,
        0.8187999725341797,
        0.8219999670982361,
        0.821399986743927,
        0.8240999579429626,
        0.8203999996185303,
        0.8209999799728394,
        0.8215999603271484,
        0.8240000009536743,
        0.8230999708175659
    ]
}