{
    "train_loss": [
        1.9057813390731813,
        1.5948402730941773,
        1.370967003250122,
        1.2258666250228882,
        1.1281189846992492,
        1.054252502822876,
        0.9933457827568054,
        0.9389319129943847,
        0.8927705518722534,
        0.8579098909378052,
        0.8181917328357696,
        0.7928442283153534,
        0.7584415413379669,
        0.7326996893405914,
        0.7084875182151794,
        0.688271510219574,
        0.6669225058078766,
        0.6493289689064026,
        0.6283344093799591,
        0.610709630060196,
        0.598617397737503,
        0.5844267869234085,
        0.5696237692832947,
        0.5672331322669983,
        0.5512675167560578,
        0.5419946933746338,
        0.526435784959793,
        0.516602734708786,
        0.4734359720468521,
        0.4601373467445374,
        0.4516449757099152,
        0.43797433223724364,
        0.43779687781333926,
        0.43770830295085905,
        0.4294990941762924,
        0.424113347196579,
        0.3901594797372818,
        0.391718225479126,
        0.38485685420036314,
        0.38696567537784576,
        0.3836023173928261,
        0.37817491087913513,
        0.3758327089071274,
        0.37128262741565704,
        0.3678229665756226,
        0.36949747108221054,
        0.36412476147413253,
        0.36466677174568174,
        0.3574705070018768,
        0.35893990130424497,
        0.35893564348220824,
        0.3565565351963043,
        0.3538579487323761,
        0.3396180826544762,
        0.33620885128974914,
        0.33658156218528745,
        0.3343800386190414,
        0.3307588781952858,
        0.3248708518385887,
        0.3260886080741882,
        0.3241605074286461,
        0.31901022636890414,
        0.3203615439176559,
        0.3165629233598709,
        0.3162043146252632,
        0.31127821795940397,
        0.3144378616809845,
        0.31488097270727156,
        0.31682123467922213
    ],
    "val_loss": [
        1.7103349884033203,
        1.4057601003646851,
        1.2637823123931884,
        1.1003883819580078,
        1.0355831272125244,
        1.0158092010498048,
        0.9203148612976074,
        0.90161626663208,
        0.8698642726898194,
        0.8167895917892456,
        0.8116671300888062,
        0.7684669673919677,
        0.7678137390136719,
        0.7119234811782837,
        0.723808030128479,
        0.6655868753433227,
        0.6861157188415528,
        0.643929756641388,
        0.6259463924407959,
        0.6177503629684449,
        0.5921742226600647,
        0.6016425471305847,
        0.579278092956543,
        0.5923941818237305,
        0.5520992305755615,
        0.5830766351699829,
        0.5540789457321167,
        0.5517795525550843,
        0.5290486247062683,
        0.5174694581031799,
        0.5125989150047302,
        0.5226660643577575,
        0.5139554903030396,
        0.529620175075531,
        0.5212040625572204,
        0.500443942451477,
        0.49153683891296385,
        0.4899411108970642,
        0.49154565048217774,
        0.49383031578063963,
        0.4987324166297913,
        0.4892619698524475,
        0.48776678066253665,
        0.49392842922210695,
        0.49164714164733886,
        0.49524082355499266,
        0.4810423978805542,
        0.4891600368499756,
        0.4825967448234558,
        0.4843206751823425,
        0.4870782609939575,
        0.4785977340698242,
        0.48974712591171266,
        0.48116511878967283,
        0.4724990614891052,
        0.4758537368774414,
        0.4733865414619446,
        0.4790076753616333,
        0.47165816049575804,
        0.4670762068748474,
        0.4682008915901184,
        0.46546504096984864,
        0.4685572922706604,
        0.4697584822654724,
        0.46816223821640013,
        0.47170894947052,
        0.46686103239059445,
        0.46672378668785097,
        0.46892130365371704
    ],
    "train_acc": [
        0.26557499170303345,
        0.3998499810695648,
        0.4976999759674072,
        0.5557500123977661,
        0.5939499735832214,
        0.6216250061988831,
        0.6450249552726746,
        0.6679999828338623,
        0.6818749904632568,
        0.6971249580383301,
        0.7084749937057495,
        0.7222749590873718,
        0.7321000099182129,
        0.7426499724388123,
        0.7518749833106995,
        0.7594499588012695,
        0.7662999629974365,
        0.7725499868392944,
        0.7809500098228455,
        0.7885749936103821,
        0.7904499769210815,
        0.795074999332428,
        0.8013749718666077,
        0.8004499673843384,
        0.8076499700546265,
        0.8107749819755554,
        0.8160249590873718,
        0.8173249959945679,
        0.8327999711036682,
        0.8391749858856201,
        0.8428499698638916,
        0.8471249938011169,
        0.847724974155426,
        0.8448500037193298,
        0.8482249975204468,
        0.8519749641418457,
        0.864674985408783,
        0.862625002861023,
        0.8637250065803528,
        0.8643249869346619,
        0.8657749891281128,
        0.8673999905586243,
        0.8672249913215637,
        0.8691749572753906,
        0.8691249489784241,
        0.870199978351593,
        0.8725749850273132,
        0.8741999864578247,
        0.8727749586105347,
        0.8737999796867371,
        0.8739999532699585,
        0.8745749592781067,
        0.8746500015258789,
        0.8799499869346619,
        0.8816750049591064,
        0.8828249573707581,
        0.8825749754905701,
        0.8833499550819397,
        0.8842249512672424,
        0.8859750032424927,
        0.8867249488830566,
        0.8877999782562256,
        0.8866249918937683,
        0.8887999653816223,
        0.8887249827384949,
        0.8909749984741211,
        0.888949990272522,
        0.8881749510765076,
        0.8884249925613403
    ],
    "val_acc": [
        0.33879998326301575,
        0.4846999943256378,
        0.5396999716758728,
        0.6037999987602234,
        0.6283999681472778,
        0.6423999667167664,
        0.6757999658584595,
        0.6809999942779541,
        0.6956999897956848,
        0.7145000100135803,
        0.7186999917030334,
        0.7301999926567078,
        0.7351999878883362,
        0.7504000067710876,
        0.7465999722480774,
        0.7692999839782715,
        0.7633000016212463,
        0.7789999842643738,
        0.7858999967575073,
        0.7877999544143677,
        0.7944999933242798,
        0.7935999631881714,
        0.7985999584197998,
        0.7910000085830688,
        0.8077999949455261,
        0.7990999817848206,
        0.8052999973297119,
        0.807699978351593,
        0.8220999836921692,
        0.8241999745368958,
        0.8267999887466431,
        0.8241999745368958,
        0.8282999992370605,
        0.8186999559402466,
        0.8248999714851379,
        0.8280999660491943,
        0.8303999900817871,
        0.8342999815940857,
        0.8382999897003174,
        0.8356999754905701,
        0.835099995136261,
        0.8384999632835388,
        0.8362999558448792,
        0.8395999670028687,
        0.8373000025749207,
        0.8364999890327454,
        0.8424999713897705,
        0.8351999521255493,
        0.8410999774932861,
        0.8438000082969666,
        0.8398000001907349,
        0.842799961566925,
        0.8423999547958374,
        0.8391000032424927,
        0.8473999500274658,
        0.8455999493598938,
        0.8465999960899353,
        0.8441999554634094,
        0.84579998254776,
        0.8485999703407288,
        0.8473999500274658,
        0.8478999733924866,
        0.8471999764442444,
        0.847000002861023,
        0.8482999801635742,
        0.8478999733924866,
        0.849299967288971,
        0.849299967288971,
        0.8479999899864197
    ]
}