{
    "train_loss": [
        1.8827244302749633,
        1.5547395824432373,
        1.3592026189804076,
        1.2321879202842712,
        1.1310313447952272,
        1.0600841789245605,
        0.9988357154846191,
        0.9464191561698914,
        0.9114302367210388,
        0.871804536819458,
        0.8411071155548095,
        0.8134077734947205,
        0.7912704836845398,
        0.7691086721420288,
        0.742988654088974,
        0.7234066880226135,
        0.7095899523258209,
        0.6926772010803223,
        0.6760913794994354,
        0.6595157131671906,
        0.6518222990512847,
        0.6397328601360321,
        0.6325530858039856,
        0.6135395505905151,
        0.564311039018631,
        0.5535918044090271,
        0.5461232128143311,
        0.5354252847194672,
        0.5321193114280701,
        0.5021488616466522,
        0.4967034051179886,
        0.4940067628622055,
        0.49138277299404143,
        0.48603233585357664,
        0.47195157899856566,
        0.47335022833347323,
        0.4725699762821198,
        0.466642320394516,
        0.4664565806627274,
        0.4557963517665863,
        0.46813453872203825,
        0.4629750783920288,
        0.46013830354213714,
        0.4506242656946182,
        0.456249934220314,
        0.449157226395607,
        0.4504769567966461,
        0.44850185103416446,
        0.4507365305662155,
        0.4464738236188889,
        0.4432224442243576,
        0.43572355091571807,
        0.432437654542923,
        0.4413879025220871,
        0.43368402473926543,
        0.43346468319892884,
        0.42851764793395997,
        0.4316633467435837,
        0.4338067399740219,
        0.4312361847639084,
        0.4294203334331512,
        0.42846989088058474,
        0.42825297509431837,
        0.42533166913986203,
        0.42642558324337004,
        0.4275612764596939
    ],
    "val_loss": [
        1.6656502632141112,
        1.346222906112671,
        1.2099627586364745,
        1.0658942716598512,
        1.0003175575256347,
        0.9480685436248779,
        0.8938979692459107,
        0.8591166563034057,
        0.7949024629592896,
        0.7863230447769165,
        0.7345847657203675,
        0.7213741915702819,
        0.7104965978622436,
        0.6969350727081299,
        0.6559330242156982,
        0.6589175112724304,
        0.6740688751220704,
        0.6416559821128845,
        0.6265240184783936,
        0.6043439311981201,
        0.5952284685134888,
        0.6010129257202148,
        0.5935697341918945,
        0.6079391320228577,
        0.5342235683441162,
        0.5257332983016968,
        0.5388172554969788,
        0.5355408542633057,
        0.5230219469070435,
        0.523116185092926,
        0.4980773561477661,
        0.500449760055542,
        0.4958969588279724,
        0.5051211650848388,
        0.49818155031204225,
        0.4944872079849243,
        0.4870799825668335,
        0.4867564733505249,
        0.4826111768722534,
        0.4819401313781738,
        0.4824675162315369,
        0.4851584370613098,
        0.4794209363937378,
        0.47895345420837404,
        0.48494744930267336,
        0.47799125213623045,
        0.4739260178565979,
        0.47533308629989623,
        0.472581773853302,
        0.47498063955307007,
        0.4684744590759277,
        0.473427174949646,
        0.47241083669662476,
        0.4665725160598755,
        0.47269849910736084,
        0.4717559795379639,
        0.47206400489807127,
        0.4659053666114807,
        0.46539776630401614,
        0.4664662940979004,
        0.46821868343353273,
        0.4677458587646484,
        0.46714154386520385,
        0.46548417110443113,
        0.4663408498764038,
        0.46553517065048217
    ],
    "train_acc": [
        0.27447497844696045,
        0.421099990606308,
        0.5010249614715576,
        0.5539000034332275,
        0.5952999591827393,
        0.6234250068664551,
        0.6428250074386597,
        0.6660249829292297,
        0.6788749694824219,
        0.692550003528595,
        0.704800009727478,
        0.7129499912261963,
        0.7215499877929688,
        0.7278499603271484,
        0.7402499914169312,
        0.7482999563217163,
        0.7534250020980835,
        0.758774995803833,
        0.7654749751091003,
        0.7689749598503113,
        0.7715499997138977,
        0.777899980545044,
        0.7807250022888184,
        0.7868250012397766,
        0.8040750026702881,
        0.8057499527931213,
        0.8104749917984009,
        0.8135499954223633,
        0.8150999546051025,
        0.8246749639511108,
        0.8256749510765076,
        0.825374960899353,
        0.8290999531745911,
        0.8304499983787537,
        0.8327999711036682,
        0.8349249958992004,
        0.8360750079154968,
        0.8368249535560608,
        0.8380749821662903,
        0.8398999571800232,
        0.8354499936103821,
        0.8389749526977539,
        0.8399749994277954,
        0.8430999517440796,
        0.8393749594688416,
        0.8413249850273132,
        0.8443250060081482,
        0.8459749817848206,
        0.8423999547958374,
        0.8424749970436096,
        0.8464750051498413,
        0.8470999598503113,
        0.8474499583244324,
        0.8449499607086182,
        0.8479250073432922,
        0.8469749689102173,
        0.8513999581336975,
        0.8504749536514282,
        0.8480249643325806,
        0.8481499552726746,
        0.8502500057220459,
        0.8505499958992004,
        0.8521499633789062,
        0.8528249859809875,
        0.8518750071525574,
        0.8524999618530273
    ],
    "val_acc": [
        0.3709000051021576,
        0.49719998240470886,
        0.5575999617576599,
        0.6184999942779541,
        0.6405999660491943,
        0.6586999893188477,
        0.6802999973297119,
        0.6951999664306641,
        0.7214999794960022,
        0.7235999703407288,
        0.7402999997138977,
        0.7458999752998352,
        0.7520999908447266,
        0.7540000081062317,
        0.7706999778747559,
        0.7721999883651733,
        0.7667999863624573,
        0.7775999903678894,
        0.7847999930381775,
        0.7924000024795532,
        0.7971000075340271,
        0.7944999933242798,
        0.7942999601364136,
        0.7946999669075012,
        0.817799985408783,
        0.8197999596595764,
        0.8133999705314636,
        0.8173999786376953,
        0.8197999596595764,
        0.8210999965667725,
        0.8296999931335449,
        0.8267999887466431,
        0.828499972820282,
        0.827299952507019,
        0.8277999758720398,
        0.8296999931335449,
        0.832099974155426,
        0.8330999612808228,
        0.8345999717712402,
        0.8334999680519104,
        0.8344999551773071,
        0.8359000086784363,
        0.8362999558448792,
        0.835099995136261,
        0.835599958896637,
        0.8367999792098999,
        0.837399959564209,
        0.8356999754905701,
        0.8348000049591064,
        0.8364999890327454,
        0.8375999927520752,
        0.8389999866485596,
        0.8369999527931213,
        0.8410999774932861,
        0.8382999897003174,
        0.8379999995231628,
        0.8360999822616577,
        0.839199960231781,
        0.8399999737739563,
        0.8384999632835388,
        0.8394999504089355,
        0.8381999731063843,
        0.8379999995231628,
        0.8384000062942505,
        0.838699996471405,
        0.8384999632835388
    ]
}