{
    "train_loss": [
        1.9351887964248657,
        1.6311894117355348,
        1.4839353960037232,
        1.3553767118453979,
        1.2647372695922852,
        1.1897435936927796,
        1.1330621384620667,
        1.0803545484542847,
        1.0391492341995239,
        1.0093317575454712,
        0.9867281134605408,
        0.9542113871574401,
        0.9305608768463135,
        0.9072510263442993,
        0.8902333276748657,
        0.8699451826095581,
        0.8466674747467041,
        0.835584815454483,
        0.8193714867591858,
        0.8042269553661346,
        0.7912100298404694,
        0.7704334422111512,
        0.7659050687789917,
        0.7535016675472259,
        0.7412734800338745,
        0.7366690224647522,
        0.7208656452655792,
        0.7163641140937805,
        0.7028730916976929,
        0.70400118060112,
        0.6896765410423279,
        0.6862483141422272,
        0.6734857556819915,
        0.6650109426021575,
        0.6715223315238953,
        0.665985094499588,
        0.6511114954948425,
        0.6548667524337769,
        0.6460049619674683,
        0.6331509614944458,
        0.6311565544128418,
        0.6256838977813721,
        0.6210033617973327,
        0.6173715695381164,
        0.6142897275447845,
        0.6067142915248871,
        0.6027992697715759,
        0.5946899148464203,
        0.5926059819698334,
        0.5565791553497315,
        0.5427423405885696,
        0.5403990293025971,
        0.5362824478626251,
        0.5326141188621522,
        0.5271729564428329,
        0.5323183129549026,
        0.5214408613204956,
        0.5085502990245819,
        0.4990889122009277,
        0.49362057962417605,
        0.4910371489524841,
        0.48902704842090605,
        0.48789528932571413,
        0.4915866723537445,
        0.48287946181297303,
        0.48036793882846834,
        0.48710972900390626,
        0.48147598621845245,
        0.472420498919487,
        0.4716265168905258
    ],
    "val_loss": [
        1.6568395233154296,
        1.4464516242980956,
        1.3120266782760621,
        1.2235053165435792,
        1.1121035806655883,
        1.1100251028060912,
        1.0117538135528565,
        0.9738687900543213,
        0.9377102401733398,
        0.9021706212043762,
        0.8647217691421509,
        0.8693684036254883,
        0.8437366933822632,
        0.8235073327064514,
        0.7821717235565185,
        0.7673323298454284,
        0.7511566024780273,
        0.7618524921417237,
        0.7182734643936157,
        0.7075679961204528,
        0.684694815826416,
        0.6863920631408691,
        0.689745618057251,
        0.680444439125061,
        0.6519016277313232,
        0.6480371788024902,
        0.6460419700622558,
        0.6341530809402466,
        0.6252140720367432,
        0.6171368595123291,
        0.6029486639022827,
        0.6434462329864502,
        0.6085500449180603,
        0.6298550434112549,
        0.5881979335784913,
        0.5872476976394654,
        0.5875979928970337,
        0.5713369998931884,
        0.5732978918075562,
        0.564371604347229,
        0.5730534790039062,
        0.5491891098976135,
        0.5541815547943115,
        0.544693493938446,
        0.5550215065956116,
        0.5470446200370789,
        0.5621177135467529,
        0.5442446327209473,
        0.5605674809455872,
        0.5136897579193115,
        0.5053607888221741,
        0.5215452159881592,
        0.5049778114318848,
        0.4981534869194031,
        0.4995212417602539,
        0.5089362360954285,
        0.508261960887909,
        0.4893914134979248,
        0.4811646484375,
        0.47954653549194337,
        0.4809274582862854,
        0.4745079936027527,
        0.4803752271652222,
        0.47603494443893435,
        0.47176337909698485,
        0.48642090272903443,
        0.47405059328079224,
        0.47110731620788576,
        0.4665469242095947,
        0.46437256746292116
    ],
    "train_acc": [
        0.25200000405311584,
        0.3744499981403351,
        0.4444499909877777,
        0.4984249770641327,
        0.5371999740600586,
        0.5676499605178833,
        0.5927500128746033,
        0.6105749607086182,
        0.6282249689102173,
        0.6384750008583069,
        0.6502000093460083,
        0.6587749719619751,
        0.6703499555587769,
        0.6782499551773071,
        0.6864999532699585,
        0.6929999589920044,
        0.7018499970436096,
        0.7058999538421631,
        0.7122499942779541,
        0.7174249887466431,
        0.7223249673843384,
        0.7303749918937683,
        0.7301250100135803,
        0.7354249954223633,
        0.7416749596595764,
        0.7429499626159668,
        0.7482999563217163,
        0.7482749819755554,
        0.7578999996185303,
        0.7556749582290649,
        0.7597999572753906,
        0.7618249654769897,
        0.7629500031471252,
        0.768875002861023,
        0.7652249932289124,
        0.76624995470047,
        0.774524986743927,
        0.7719999551773071,
        0.7758499979972839,
        0.7786499857902527,
        0.7785499691963196,
        0.784500002861023,
        0.7836250066757202,
        0.7844749689102173,
        0.78534996509552,
        0.7876999974250793,
        0.7916499972343445,
        0.7929250001907349,
        0.793999969959259,
        0.805774986743927,
        0.8102249503135681,
        0.8115749955177307,
        0.8148750066757202,
        0.8137999773025513,
        0.8192749619483948,
        0.8121500015258789,
        0.8181999921798706,
        0.8217499852180481,
        0.8250499963760376,
        0.8267749547958374,
        0.8272749781608582,
        0.830299973487854,
        0.8332499861717224,
        0.8283999562263489,
        0.8314249515533447,
        0.8342499732971191,
        0.8299499750137329,
        0.8336499929428101,
        0.8367499709129333,
        0.835474967956543
    ],
    "val_acc": [
        0.35580000281333923,
        0.45739999413490295,
        0.5162000060081482,
        0.5483999848365784,
        0.5925999879837036,
        0.5976999998092651,
        0.6360999941825867,
        0.6559000015258789,
        0.6675999760627747,
        0.6829999685287476,
        0.6973999738693237,
        0.6908999681472778,
        0.7080000042915344,
        0.7116999626159668,
        0.7267000079154968,
        0.733299970626831,
        0.7439999580383301,
        0.7321000099182129,
        0.7504000067710876,
        0.7594000101089478,
        0.7634999752044678,
        0.7628999948501587,
        0.7627999782562256,
        0.7684999704360962,
        0.7742999792098999,
        0.7827999591827393,
        0.7782999873161316,
        0.7824999690055847,
        0.7864999771118164,
        0.7881999611854553,
        0.7912999987602234,
        0.7829999923706055,
        0.7949999570846558,
        0.7802000045776367,
        0.8009999990463257,
        0.800599992275238,
        0.7963999509811401,
        0.8036999702453613,
        0.8041999936103821,
        0.8100999593734741,
        0.8044999837875366,
        0.8120999932289124,
        0.8100999593734741,
        0.8144999742507935,
        0.8104999661445618,
        0.8161999583244324,
        0.8039000034332275,
        0.8118999600410461,
        0.8116999864578247,
        0.823699951171875,
        0.8276999592781067,
        0.8208000063896179,
        0.8281999826431274,
        0.8309999704360962,
        0.8278999924659729,
        0.8247999548912048,
        0.8269000053405762,
        0.8321999907493591,
        0.8343999981880188,
        0.8359000086784363,
        0.8359999656677246,
        0.8361999988555908,
        0.8356999754905701,
        0.8359000086784363,
        0.8379999995231628,
        0.8349999785423279,
        0.8367999792098999,
        0.8366000056266785,
        0.8393999934196472,
        0.8413999676704407
    ]
}