{
    "train_loss": [
        1.9902087741851806,
        1.7060966749191284,
        1.5329330064773559,
        1.4066434715270997,
        1.3244320695877074,
        1.2450627387046813,
        1.1894897303581238,
        1.133008849143982,
        1.0913719215393067,
        1.0575372169494628,
        1.0202011219978333,
        0.9958666294097901,
        0.9678302516937256,
        0.9455775596618652,
        0.9229086422920227,
        0.9104217260360717,
        0.883584933757782,
        0.8631800685405732,
        0.8553921239852905,
        0.8307071635246277,
        0.8273971779823304,
        0.8074121270179748,
        0.804161999130249,
        0.789281032705307,
        0.7770691490650177,
        0.7626828920841217,
        0.7596562123298645,
        0.7449728518009185,
        0.737007295513153,
        0.7294773736000061,
        0.7169464889526367,
        0.716860771894455,
        0.7158374096393585,
        0.70068076338768,
        0.6967822304725647,
        0.6859802570819855,
        0.6886280962467194,
        0.6330958758354187,
        0.6311093369960785,
        0.6259656992912292,
        0.6198574980735779,
        0.6080884739875794,
        0.5883793565750122,
        0.5837417906284332,
        0.5837762396812439,
        0.5756065784931182,
        0.5778325382709503,
        0.5755345600128173,
        0.5702697337150574,
        0.5705464365959168,
        0.5700119882583619,
        0.5667951101779938,
        0.5659401709079742,
        0.5696400361061096,
        0.5625110774040222,
        0.5587679271221161,
        0.5603283704280854,
        0.5564660360097885,
        0.5415307468414307,
        0.5406260956764222,
        0.5420085768222809,
        0.5322907975196839,
        0.5280899498701096,
        0.5251240330696106,
        0.5292312365055084,
        0.5304484850883484,
        0.5283298822164536,
        0.5257161125659943,
        0.5279120260000228,
        0.5229854636669159
    ],
    "val_loss": [
        1.7019784790039063,
        1.4739653282165528,
        1.3486336772918701,
        1.2164270280838012,
        1.13266203956604,
        1.1188844074249267,
        1.117627730178833,
        0.9518231952667237,
        0.9664802457809448,
        0.976824580001831,
        0.8825413783073426,
        0.881691838645935,
        0.8843682825088501,
        0.7884909536361694,
        0.8057626892089844,
        0.7841678133010864,
        0.7377287917137146,
        0.7290619816780091,
        0.742949119758606,
        0.7171707967758179,
        0.7054686358451844,
        0.7179454645156861,
        0.6767999147415161,
        0.7239925254821777,
        0.7154743242263794,
        0.6686980767250061,
        0.683452850151062,
        0.635104395198822,
        0.6673083016395569,
        0.6518527528762817,
        0.6175942928314209,
        0.6684217922210693,
        0.6452289525985718,
        0.5952678152084351,
        0.6072129686355591,
        0.6372197096824646,
        0.6218251646995544,
        0.5958566699028015,
        0.5652840362548828,
        0.5826406175613403,
        0.5630246286392212,
        0.5653897721290588,
        0.5505436785697937,
        0.5448130854606629,
        0.5410895002365113,
        0.5457120427131653,
        0.5391066494941712,
        0.5508903629302978,
        0.5346598408699036,
        0.549763011264801,
        0.574946828365326,
        0.5412311701774597,
        0.5359515037536621,
        0.5466025208473205,
        0.5233292210578918,
        0.5415518126487732,
        0.5357766542434692,
        0.5307370858192444,
        0.5191806443214416,
        0.5303619986534118,
        0.5282883445739746,
        0.5157129326820373,
        0.5260990608215332,
        0.5222563816070557,
        0.5143409734725952,
        0.5138537637710572,
        0.5162030930519104,
        0.5112648002624511,
        0.5202129899978638,
        0.5142119333267212
    ],
    "train_acc": [
        0.2364499866962433,
        0.36089998483657837,
        0.43482500314712524,
        0.48477497696876526,
        0.5202999711036682,
        0.55035001039505,
        0.5723749995231628,
        0.5931499600410461,
        0.6097999811172485,
        0.6214249730110168,
        0.6328749656677246,
        0.6452749967575073,
        0.6562749743461609,
        0.6635499596595764,
        0.6758249998092651,
        0.6764000058174133,
        0.6868749856948853,
        0.6903499960899353,
        0.6983000040054321,
        0.7086249589920044,
        0.7089749574661255,
        0.7160249948501587,
        0.7178999781608582,
        0.7214750051498413,
        0.7275999784469604,
        0.7303749918937683,
        0.7322750091552734,
        0.7396249771118164,
        0.7405999898910522,
        0.7451499700546265,
        0.7473250031471252,
        0.748075008392334,
        0.746999979019165,
        0.7550749778747559,
        0.7555750012397766,
        0.7594000101089478,
        0.7580999732017517,
        0.7780749797821045,
        0.7795499563217163,
        0.7793749570846558,
        0.7804499864578247,
        0.787149965763092,
        0.7927249670028687,
        0.7945999503135681,
        0.7935999631881714,
        0.7982249855995178,
        0.7972249984741211,
        0.7994999885559082,
        0.7991249561309814,
        0.7997750043869019,
        0.7990249991416931,
        0.8007999658584595,
        0.8008999824523926,
        0.8003749847412109,
        0.7994499802589417,
        0.804224967956543,
        0.8018749952316284,
        0.8050249814987183,
        0.8109250068664551,
        0.808775007724762,
        0.8082499504089355,
        0.8129749894142151,
        0.8132500052452087,
        0.8172749876976013,
        0.8145999908447266,
        0.8134250044822693,
        0.8132999539375305,
        0.8136499524116516,
        0.8151999711990356,
        0.8183000087738037
    ],
    "val_acc": [
        0.35099998116493225,
        0.44829997420310974,
        0.49799999594688416,
        0.5530999898910522,
        0.5853999853134155,
        0.6128000020980835,
        0.6089000105857849,
        0.6581999659538269,
        0.6586999893188477,
        0.6563999652862549,
        0.6864999532699585,
        0.6890999674797058,
        0.7020999789237976,
        0.7206999659538269,
        0.7188999652862549,
        0.7277999520301819,
        0.7439999580383301,
        0.7462999820709229,
        0.745199978351593,
        0.755899965763092,
        0.7573999762535095,
        0.7559999823570251,
        0.7664999961853027,
        0.7513999938964844,
        0.7563999891281128,
        0.7732999920845032,
        0.7687000036239624,
        0.7852999567985535,
        0.7731999754905701,
        0.7791999578475952,
        0.7917999625205994,
        0.7726999521255493,
        0.7856999635696411,
        0.7968999743461609,
        0.7907999753952026,
        0.785099983215332,
        0.7940999865531921,
        0.8007000088691711,
        0.8127999901771545,
        0.8021999597549438,
        0.8054999709129333,
        0.8087999820709229,
        0.8226000070571899,
        0.8212999701499939,
        0.8226999640464783,
        0.8208999633789062,
        0.8240999579429626,
        0.8181999921798706,
        0.8223999738693237,
        0.8255999684333801,
        0.8082999587059021,
        0.8222999572753906,
        0.827299952507019,
        0.8154999613761902,
        0.8294000029563904,
        0.8242999911308289,
        0.8220999836921692,
        0.8276000022888184,
        0.828499972820282,
        0.8279999494552612,
        0.8269999623298645,
        0.8312000036239624,
        0.828499972820282,
        0.8277999758720398,
        0.8337000012397766,
        0.8343999981880188,
        0.833299994468689,
        0.8352999687194824,
        0.8295999765396118,
        0.8330000042915344
    ]
}