{
    "train_loss": [
        1.780760374069214,
        1.5614349609375,
        1.3762095323562622,
        1.2589283967018128,
        1.162998053264618,
        1.098567940711975,
        1.0392052430152894,
        0.992051745223999,
        0.9414621240615845,
        0.9102174018859863,
        0.875102835893631,
        0.8427349664688111,
        0.826342122220993,
        0.8069710740566254,
        0.7687497609138488,
        0.7536842152118682,
        0.7296289946079254,
        0.7173026540279388,
        0.7040220747470856,
        0.6792554157733918,
        0.6741095900058747,
        0.6595561430931092,
        0.6542603843212128,
        0.6367905539512634,
        0.6237452701091767,
        0.6173641911029816,
        0.6130257225513458,
        0.5975287115097045,
        0.593797854757309,
        0.5803461827278137,
        0.5776537192821503,
        0.5711793214321137,
        0.5676434395551682,
        0.5586355916500092,
        0.5489714486598969,
        0.5363606805801392,
        0.5416947935581208,
        0.48662100577354434,
        0.4788155648946762,
        0.46974036231040955,
        0.4633977836847305,
        0.46329704728126525,
        0.4561425065755844,
        0.4579694456577301,
        0.45107764856815336,
        0.4521775698184967,
        0.4245563470125198,
        0.41782184293270114,
        0.41291316454410554,
        0.41018915374279025,
        0.3987347877502441,
        0.396113578248024,
        0.39261769618988035,
        0.39225298240184786,
        0.3881096480607986,
        0.38844568243026734,
        0.38602055780887606,
        0.39006349380016325,
        0.384551394867897,
        0.3818727543115616,
        0.38266724081039427,
        0.37578997707366946,
        0.37636875076293946,
        0.3795583470582962,
        0.37166686886548994,
        0.3641961506605148,
        0.3687357695579529,
        0.3690557836771011,
        0.3640578098535538,
        0.3671902439594269
    ],
    "val_loss": [
        1.5804739109039307,
        1.3730403575897216,
        1.2662116346359253,
        1.108539916229248,
        1.0483606603622437,
        1.0749132236480712,
        0.9699834760665893,
        0.9575047672271728,
        0.8927338665008545,
        0.8498601860046386,
        0.8443503408432007,
        0.795845587348938,
        0.7411405616760254,
        0.76380191822052,
        0.7835625800132752,
        0.7337433206558227,
        0.7179839738845826,
        0.7615169490814209,
        0.7018166421890258,
        0.7035869155883789,
        0.6859765053749084,
        0.665149640083313,
        0.7194578950881958,
        0.6436066171646119,
        0.6220656370162964,
        0.6587726057052612,
        0.6022159945487976,
        0.6136790964126587,
        0.5920233270645142,
        0.603564968585968,
        0.6022052278518677,
        0.5639068473815918,
        0.589457410621643,
        0.5660456133842469,
        0.5663765398025513,
        0.5833908708572387,
        0.6045467987060547,
        0.5460827338218689,
        0.5509013202667237,
        0.5563008192062378,
        0.5376858018875122,
        0.5274999923706055,
        0.5157940136909485,
        0.5301435835838317,
        0.55311359167099,
        0.5271626442909241,
        0.5080125464439392,
        0.5165387680053711,
        0.5116572665214538,
        0.5113342329025269,
        0.5090342552185059,
        0.5036776299476624,
        0.5059863297462464,
        0.5065176239013672,
        0.5019110013008118,
        0.5053367725372314,
        0.5094142695426941,
        0.5020012961387634,
        0.501240954208374,
        0.5079661067962646,
        0.5062597208976746,
        0.5003988445281983,
        0.5008413873672485,
        0.4993732050895691,
        0.5001751153945923,
        0.4981630517959595,
        0.5008153052330017,
        0.49663338012695313,
        0.49555643911361696,
        0.4961165078163147
    ],
    "train_acc": [
        0.3161499798297882,
        0.4132999777793884,
        0.4943999946117401,
        0.5422999858856201,
        0.5770750045776367,
        0.6023499965667725,
        0.6264249682426453,
        0.6435250043869019,
        0.6669999957084656,
        0.6772499680519104,
        0.6909499764442444,
        0.7026999592781067,
        0.7076249718666077,
        0.7155999541282654,
        0.7317749857902527,
        0.734624981880188,
        0.7442749738693237,
        0.7476249933242798,
        0.7540749907493591,
        0.7647500038146973,
        0.7644749879837036,
        0.769225001335144,
        0.7700749635696411,
        0.7758749723434448,
        0.7817749977111816,
        0.7836999893188477,
        0.7845749855041504,
        0.7902500033378601,
        0.7931749820709229,
        0.7974500060081482,
        0.7977749705314636,
        0.8007999658584595,
        0.8027249574661255,
        0.8070999979972839,
        0.8055999875068665,
        0.8118749856948853,
        0.8117499947547913,
        0.83222496509552,
        0.8325249552726746,
        0.8347749710083008,
        0.8378750085830688,
        0.837024986743927,
        0.8410999774932861,
        0.8405500054359436,
        0.8433749675750732,
        0.8433499932289124,
        0.8503999710083008,
        0.854574978351593,
        0.8558499813079834,
        0.8565749526023865,
        0.859749972820282,
        0.8612499833106995,
        0.862625002861023,
        0.8626749515533447,
        0.8651999831199646,
        0.8635249733924866,
        0.8657749891281128,
        0.8625499606132507,
        0.8661999702453613,
        0.8662499785423279,
        0.866599977016449,
        0.8686249852180481,
        0.866974949836731,
        0.8660249710083008,
        0.868025004863739,
        0.873699963092804,
        0.8699249625205994,
        0.8696749806404114,
        0.8727249503135681,
        0.8717749714851379
    ],
    "val_acc": [
        0.3840999901294708,
        0.4940999746322632,
        0.5425999760627747,
        0.6001999974250793,
        0.6247000098228455,
        0.617900013923645,
        0.6561999917030334,
        0.6642000079154968,
        0.6875,
        0.7094999551773071,
        0.7062000036239624,
        0.7271999716758728,
        0.7411999702453613,
        0.733299970626831,
        0.7337999939918518,
        0.7466999888420105,
        0.7500999569892883,
        0.7425999641418457,
        0.7609999775886536,
        0.7653999924659729,
        0.7670999765396118,
        0.7724999785423279,
        0.7663999795913696,
        0.7854999899864197,
        0.7902999520301819,
        0.7757999897003174,
        0.7985999584197998,
        0.7960000038146973,
        0.7999999523162842,
        0.7964999675750732,
        0.7989000082015991,
        0.8070999979972839,
        0.798799991607666,
        0.8093999624252319,
        0.8053999543190002,
        0.8072999715805054,
        0.7963999509811401,
        0.8179999589920044,
        0.8190999627113342,
        0.817799985408783,
        0.8223999738693237,
        0.8256999850273132,
        0.8298999667167664,
        0.8258000016212463,
        0.8255999684333801,
        0.8233000040054321,
        0.8341999650001526,
        0.8295999765396118,
        0.8327999711036682,
        0.833299994468689,
        0.833899974822998,
        0.8359000086784363,
        0.8373000025749207,
        0.8363999724388123,
        0.8374999761581421,
        0.8370999693870544,
        0.8317999839782715,
        0.8376999497413635,
        0.8394999504089355,
        0.8353999853134155,
        0.8335999846458435,
        0.8382999897003174,
        0.8364999890327454,
        0.8392999768257141,
        0.8379999995231628,
        0.8388999700546265,
        0.8380999565124512,
        0.8391000032424927,
        0.839199960231781,
        0.8398999571800232
    ]
}