{
    "train_loss": [
        1.961576286125183,
        1.6547315704345704,
        1.5066450227737427,
        1.375795244026184,
        1.2836117261886597,
        1.2088648504257202,
        1.1368818108558654,
        1.0796131874084474,
        1.0430536206245422,
        0.9951365065574646,
        0.966930184841156,
        0.9369301138877869,
        0.9210156813621521,
        0.8856805654525757,
        0.8633764242649078,
        0.8348307019233704,
        0.817538920879364,
        0.795555349445343,
        0.7744846979141236,
        0.7588986089229584,
        0.7416749038696289,
        0.7246285546779633,
        0.7018463509559631,
        0.6936074405193329,
        0.6849632947921753,
        0.6739478579998016,
        0.660658658695221,
        0.6424879271984101,
        0.6396965564250946,
        0.6216702765464782,
        0.6148248621463775,
        0.5994480284690857,
        0.5896362709045411,
        0.5924003774166107,
        0.5293190947294235,
        0.5192460975170136,
        0.5112907862186432,
        0.5092656101703644,
        0.5023192747592926,
        0.469904660654068,
        0.4682130871772766,
        0.45931861147880554,
        0.4553966048002243,
        0.4552294955968857,
        0.45046485743522646,
        0.4348456777334213,
        0.43402110075950623,
        0.43346788687705995,
        0.4324263314008713,
        0.4252735287666321,
        0.417792719912529,
        0.41779508337974547,
        0.41731870274543764,
        0.41516945090293883,
        0.4167610764503479,
        0.41159700222015383,
        0.411199104309082,
        0.40784895210266114,
        0.40860638253688814,
        0.4093789880275726,
        0.4065339029073715,
        0.41000464055538177
    ],
    "val_loss": [
        1.6645195343017578,
        1.4899610317230225,
        1.298655785369873,
        1.1929936485290527,
        1.1301430992126464,
        1.0204424045562743,
        1.0743105409622193,
        0.9485716590881348,
        0.9544336265563965,
        0.8528423269271851,
        0.8323540449142456,
        0.8541767072677612,
        0.8984988948822021,
        0.8105584245681763,
        0.8607052034378052,
        0.7326918378829956,
        0.7589668769836426,
        0.7228252477645875,
        0.707848551940918,
        0.7111125816345215,
        0.6997412399291992,
        0.702155856513977,
        0.6676168045043945,
        0.6922828269958496,
        0.6616255306243897,
        0.664049789428711,
        0.6163404604911804,
        0.64616656665802,
        0.6318337394714355,
        0.6063991368293762,
        0.5722426182746887,
        0.6183980400085449,
        0.5816454342842102,
        0.5942395601272583,
        0.5569915634155274,
        0.532679135799408,
        0.5534132426261902,
        0.5577371968269348,
        0.5628227692604065,
        0.5299606798171997,
        0.5274609550476074,
        0.5197609560966492,
        0.531993903541565,
        0.5216516466140747,
        0.525347573852539,
        0.519008913898468,
        0.5134097666740417,
        0.5256338329315186,
        0.5155848391532898,
        0.5096577870368958,
        0.5115137786865235,
        0.5065610939025879,
        0.5106985916137695,
        0.5110144184112548,
        0.5100468097686768,
        0.5151613377571106,
        0.5137367444038391,
        0.5127679265022278,
        0.5066699419021606,
        0.5094423403739929,
        0.508177265548706,
        0.5057225052833557
    ],
    "train_acc": [
        0.2419,
        0.3574,
        0.4358,
        0.4968,
        0.5393,
        0.567,
        0.5959,
        0.6169,
        0.632,
        0.6505,
        0.6588,
        0.6711,
        0.6768,
        0.6897,
        0.7018,
        0.7101,
        0.7177,
        0.7234,
        0.7321,
        0.7388,
        0.7461,
        0.7516,
        0.7587,
        0.767,
        0.7664,
        0.7689,
        0.7786,
        0.7807,
        0.7839,
        0.7906,
        0.7931,
        0.7992,
        0.7998,
        0.8013,
        0.8218,
        0.8262,
        0.8277,
        0.8266,
        0.8307,
        0.8412,
        0.8409,
        0.8455,
        0.8452,
        0.8474,
        0.8484,
        0.8522,
        0.8553,
        0.8517,
        0.8528,
        0.8574,
        0.8595,
        0.859,
        0.8598,
        0.8601,
        0.859,
        0.8613,
        0.8618,
        0.861,
        0.8627,
        0.8611,
        0.8616,
        0.8627
    ],
    "val_acc": [
        0.3545,
        0.425,
        0.5058,
        0.5687,
        0.5851,
        0.6296,
        0.6065,
        0.6537,
        0.6592,
        0.6869,
        0.6943,
        0.6936,
        0.6839,
        0.7118,
        0.6985,
        0.74,
        0.732,
        0.7481,
        0.7554,
        0.749,
        0.7587,
        0.7669,
        0.7751,
        0.7637,
        0.7755,
        0.7729,
        0.7924,
        0.7824,
        0.7869,
        0.7972,
        0.8051,
        0.7922,
        0.805,
        0.8009,
        0.8126,
        0.8194,
        0.815,
        0.8129,
        0.8176,
        0.8264,
        0.824,
        0.8302,
        0.8256,
        0.8259,
        0.8302,
        0.8333,
        0.8329,
        0.8317,
        0.8317,
        0.8363,
        0.8354,
        0.8373,
        0.8365,
        0.8358,
        0.8364,
        0.8335,
        0.8366,
        0.8347,
        0.8348,
        0.8362,
        0.8379,
        0.8364
    ]
}