{
    "train_loss": [
        1.9406876579284669,
        1.6446184364318848,
        1.4629575853347778,
        1.330798748588562,
        1.2408435589790345,
        1.1630495495796203,
        1.089546466255188,
        1.0382191680908204,
        0.9954325071334839,
        0.9535750859260559,
        0.9261365867614746,
        0.8819215000152588,
        0.855998431301117,
        0.8299058902263642,
        0.8004174233913421,
        0.7806736676216125,
        0.7550860281944275,
        0.7324177106380463,
        0.7091224979400634,
        0.698529189157486,
        0.6728613435745239,
        0.6604301007270813,
        0.6421986030578614,
        0.6276867969989777,
        0.6196937066078186,
        0.6027252877235413,
        0.6012723057746887,
        0.582516577386856,
        0.5767819297790527,
        0.5660642623901367,
        0.5600716214179993,
        0.5452869753360748,
        0.5391987810134887,
        0.5317870319128036,
        0.5239724103927612,
        0.5165910225629806,
        0.4441612929105759,
        0.4308567480802536,
        0.41937937281131743,
        0.4190595716714859,
        0.4181270763397217,
        0.41546817677021025,
        0.41210721547603607,
        0.404670023727417,
        0.4001923092842102,
        0.40080461020469665,
        0.3940002601146698,
        0.3896149705886841,
        0.38983714487552645,
        0.38945954010486605,
        0.38667219836711886,
        0.3873238168716431,
        0.3685299416065216,
        0.35749182753562925,
        0.36333012335300446,
        0.36068430250883105,
        0.3590928029298782
    ],
    "val_loss": [
        1.6658750034332275,
        1.4882693798065185,
        1.2744850828170777,
        1.1807466194152831,
        1.1560207389831543,
        1.0188240851402284,
        0.9445987054824829,
        0.9603362337112427,
        0.9097956640243531,
        0.9158869224548339,
        0.8437816519737243,
        0.7963453683853149,
        0.7946928102493286,
        0.7639340600967407,
        0.723795647239685,
        0.7391935434341431,
        0.6881532640457153,
        0.7342139863014221,
        0.6732892324447631,
        0.6658857370376587,
        0.6713701524734497,
        0.634629733467102,
        0.6882687601089478,
        0.6279779024124146,
        0.6192348713874817,
        0.6246594169616699,
        0.6061013052940368,
        0.6248015927314758,
        0.5880264858245849,
        0.5784028542518616,
        0.5671157816886901,
        0.5533185832977295,
        0.6122498896598816,
        0.5917088048934936,
        0.5700352158546448,
        0.5890924408912659,
        0.533828133392334,
        0.5243110898017883,
        0.5310643744468689,
        0.5262447313308716,
        0.5225284834861755,
        0.5404489694595337,
        0.5191078235626221,
        0.5152185643196106,
        0.5289098139762879,
        0.5252466642379761,
        0.5110141677856446,
        0.5152622256278991,
        0.5483661893844605,
        0.514208250427246,
        0.5266187347412109,
        0.5268096742630005,
        0.5114938328742981,
        0.5150566931724548,
        0.518054445552826,
        0.5102879741668701,
        0.5121838768959045
    ],
    "train_acc": [
        0.2497749924659729,
        0.3709000051021576,
        0.4564499855041504,
        0.5108000040054321,
        0.5497999787330627,
        0.5818249583244324,
        0.6119999885559082,
        0.630174994468689,
        0.6453499794006348,
        0.6656249761581421,
        0.6767749786376953,
        0.689424991607666,
        0.7037000060081482,
        0.7099499702453613,
        0.7225750088691711,
        0.7320500016212463,
        0.7402499914169312,
        0.748199999332428,
        0.7545999884605408,
        0.7587499618530273,
        0.7664499878883362,
        0.7758499979972839,
        0.7799999713897705,
        0.7863249778747559,
        0.7877749800682068,
        0.7949000000953674,
        0.7947499752044678,
        0.8012499809265137,
        0.8039249777793884,
        0.8086249828338623,
        0.8082499504089355,
        0.8137750029563904,
        0.8137750029563904,
        0.8196749687194824,
        0.8213749527931213,
        0.8243249654769897,
        0.8484249711036682,
        0.8535749912261963,
        0.8565749526023865,
        0.8562749624252319,
        0.8572999835014343,
        0.8591249585151672,
        0.8592249751091003,
        0.8614749908447266,
        0.8615750074386597,
        0.8621000051498413,
        0.8667999505996704,
        0.8685999512672424,
        0.866849958896637,
        0.868025004863739,
        0.8669999837875366,
        0.866724967956543,
        0.8743999600410461,
        0.8765999674797058,
        0.8751999735832214,
        0.876800000667572,
        0.8788249492645264
    ],
    "val_acc": [
        0.36039999127388,
        0.4219000041484833,
        0.5303999781608582,
        0.5684999823570251,
        0.5862999558448792,
        0.6308000087738037,
        0.6628999710083008,
        0.6621999740600586,
        0.6757999658584595,
        0.6757999658584595,
        0.7021999955177307,
        0.7192999720573425,
        0.7204999923706055,
        0.7310000061988831,
        0.7468999624252319,
        0.7356999516487122,
        0.762999951839447,
        0.7482999563217163,
        0.7621999979019165,
        0.7690999507904053,
        0.769599974155426,
        0.7827000021934509,
        0.7633000016212463,
        0.785099983215332,
        0.7910000085830688,
        0.7899999618530273,
        0.7884999513626099,
        0.7910999655723572,
        0.7981999516487122,
        0.8029999732971191,
        0.8073999881744385,
        0.810699999332428,
        0.7911999821662903,
        0.8036999702453613,
        0.8095999956130981,
        0.7998999953269958,
        0.8259999752044678,
        0.8301999568939209,
        0.8295999765396118,
        0.8228999972343445,
        0.8313999772071838,
        0.8260999917984009,
        0.8323000073432922,
        0.8324999809265137,
        0.8274999856948853,
        0.8344999551773071,
        0.835599958896637,
        0.8369999527931213,
        0.8290999531745911,
        0.8344999551773071,
        0.8319999575614929,
        0.8323999643325806,
        0.837399959564209,
        0.8391000032424927,
        0.8346999883651733,
        0.8367999792098999,
        0.8356999754905701
    ]
}