{
    "train_loss": [
        1.9313255792617798,
        1.709978136253357,
        1.58206866607666,
        1.4783043371200562,
        1.3712635360717773,
        1.2859122623443604,
        1.21382524433136,
        1.148811339378357,
        1.1001448454856873,
        1.0575153884887696,
        1.0145712378501892,
        0.9860771659851074,
        0.9576082926750183,
        0.9341833788871765,
        0.9135780760765075,
        0.8988369123458863,
        0.8746652927398681,
        0.8460172573566437,
        0.8243958842754364,
        0.816177432346344,
        0.7898601732254028,
        0.773441350221634,
        0.7663725519180298,
        0.7411052009105682,
        0.7300521832942962,
        0.7104047088623047,
        0.7023894894123077,
        0.6946786794185639,
        0.6732594490528107,
        0.6656996841430665,
        0.6568586898803711,
        0.6476224023818969,
        0.6373786945819855,
        0.6259723219633102,
        0.6266433230876922,
        0.6189280375480651,
        0.6010926363945007,
        0.5978470254898072,
        0.5896189380645752,
        0.5319908997058869,
        0.529280748128891,
        0.5199654571771621,
        0.5128529990434647,
        0.506489849638939,
        0.5056475043296814,
        0.49922254343032835,
        0.49003480367660524,
        0.48351156415939334,
        0.4841391691207886,
        0.47706614599227903,
        0.4471722760915756,
        0.4454205142498016,
        0.44425376708507536,
        0.4427176145553589,
        0.4381659851074219,
        0.42972644760608675,
        0.42938653905391694,
        0.4311747724056244,
        0.41348852412700654,
        0.40701060585975646,
        0.40346699681282044,
        0.4056569722175598,
        0.4032826465845108,
        0.3972328662633896,
        0.3999737967014313,
        0.3966304263591766,
        0.3955850677251816,
        0.3908045708298683,
        0.38432183842658996,
        0.39174865334033965
    ],
    "val_loss": [
        1.704443447494507,
        1.5081861728668213,
        1.409486456489563,
        1.278638549041748,
        1.1822907749176026,
        1.0737960752487183,
        1.0223758878707885,
        0.9686569606781006,
        0.9750732559204102,
        0.9696507362365723,
        0.8543640538215638,
        0.8969843921661377,
        0.8526738204002381,
        0.8275666628837586,
        0.8129466228485107,
        0.7774658279418946,
        0.7776058908462524,
        0.7216881402969361,
        0.7252875715255738,
        0.7066426391601562,
        0.7612740226745606,
        0.6858199915885925,
        0.6900170265197754,
        0.663979096031189,
        0.6414525257110596,
        0.663600477027893,
        0.6929326185226441,
        0.6126411993026734,
        0.6250194498062134,
        0.5982015993118286,
        0.6181773628234863,
        0.5956454765319824,
        0.6385818415641785,
        0.5992115482330322,
        0.6183966024398804,
        0.5788283685684205,
        0.5778610403060913,
        0.5687433247566223,
        0.5910748615264892,
        0.5493677000045777,
        0.554725169467926,
        0.5395196741104126,
        0.544170998287201,
        0.5411557039260865,
        0.5331127892494202,
        0.5284411447525025,
        0.5228791480064392,
        0.528057234954834,
        0.5479695963859558,
        0.5410982743263245,
        0.5356969861030578,
        0.5290338515281677,
        0.5260225047111511,
        0.516793472290039,
        0.5220104307174682,
        0.5269250922203064,
        0.5370953119277954,
        0.5139041932106018,
        0.5172355500221253,
        0.5214137958526611,
        0.5217892490386963,
        0.5136436096191406,
        0.5141489471435546,
        0.513119638633728,
        0.5125726292610169,
        0.5118674657821656,
        0.5066427105903626,
        0.511668523979187,
        0.5094219082832336,
        0.5103415925979614
    ],
    "train_acc": [
        0.24084998667240143,
        0.3348749876022339,
        0.3907249867916107,
        0.4455749988555908,
        0.49744999408721924,
        0.5367749929428101,
        0.5651749968528748,
        0.5940999984741211,
        0.6139749884605408,
        0.6290000081062317,
        0.6479499936103821,
        0.6583749651908875,
        0.6657249927520752,
        0.6764249801635742,
        0.6834499835968018,
        0.6919999718666077,
        0.6969249844551086,
        0.7094249725341797,
        0.7175999879837036,
        0.7189750075340271,
        0.7304750084877014,
        0.7382499575614929,
        0.7390249967575073,
        0.7456749677658081,
        0.7503249645233154,
        0.7570499777793884,
        0.764074981212616,
        0.7663249969482422,
        0.7734249830245972,
        0.7760249972343445,
        0.7777000069618225,
        0.7815249562263489,
        0.7870000004768372,
        0.7888000011444092,
        0.7918750047683716,
        0.791700005531311,
        0.7982749938964844,
        0.8003000020980835,
        0.8037499785423279,
        0.8208749890327454,
        0.8235499858856201,
        0.8255999684333801,
        0.8279249668121338,
        0.8308749794960022,
        0.8324499726295471,
        0.8333500027656555,
        0.8356249928474426,
        0.8387249708175659,
        0.8385249972343445,
        0.8407250046730042,
        0.8499499559402466,
        0.852774977684021,
        0.8518999814987183,
        0.8532750010490417,
        0.8569999933242798,
        0.8571249842643738,
        0.8550499677658081,
        0.8546499609947205,
        0.8624999523162842,
        0.8632749915122986,
        0.8657999634742737,
        0.8636999726295471,
        0.8635500073432922,
        0.8666749596595764,
        0.866974949836731,
        0.8648999929428101,
        0.8669250011444092,
        0.8693249821662903,
        0.870574951171875,
        0.8693999648094177
    ],
    "val_acc": [
        0.335099995136261,
        0.4081999957561493,
        0.46230000257492065,
        0.527899980545044,
        0.5625999569892883,
        0.6089999675750732,
        0.62909996509552,
        0.6559999585151672,
        0.6506999731063843,
        0.6478999853134155,
        0.6984999775886536,
        0.6775999665260315,
        0.692799985408783,
        0.7051999568939209,
        0.7006999850273132,
        0.726099967956543,
        0.7294999957084656,
        0.7524999976158142,
        0.746399998664856,
        0.7537999749183655,
        0.7353000044822693,
        0.7649999856948853,
        0.7628999948501587,
        0.7678999900817871,
        0.779699981212616,
        0.7744999527931213,
        0.7687999606132507,
        0.7893999814987183,
        0.7913999557495117,
        0.7942000031471252,
        0.7918999791145325,
        0.7975999712944031,
        0.7831000089645386,
        0.7985999584197998,
        0.7928999662399292,
        0.8062999844551086,
        0.8008999824523926,
        0.8021999597549438,
        0.804099977016449,
        0.8139999508857727,
        0.8129000067710876,
        0.818399965763092,
        0.8202999830245972,
        0.8179999589920044,
        0.82669997215271,
        0.8260999917984009,
        0.8280999660491943,
        0.8253999948501587,
        0.8204999566078186,
        0.8251999616622925,
        0.8309999704360962,
        0.8287999629974365,
        0.8300999999046326,
        0.8312999606132507,
        0.8337000012397766,
        0.8331999778747559,
        0.8307999968528748,
        0.8331999778747559,
        0.8341999650001526,
        0.835599958896637,
        0.8346999883651733,
        0.8337000012397766,
        0.835599958896637,
        0.836899995803833,
        0.8357999920845032,
        0.8367999792098999,
        0.8364999890327454,
        0.8366999626159668,
        0.8371999859809875,
        0.837399959564209
    ]
}