{
    "train_loss": [
        2.0253927474975586,
        1.7410473861694336,
        1.6209903558731078,
        1.52755315284729,
        1.4708007694244385,
        1.4148302309036256,
        1.3633446424484252,
        1.3230984804153443,
        1.2854030220985413,
        1.257404236793518,
        1.2199078643798829,
        1.1863983926773072,
        1.1594163117408753,
        1.1372821681976317,
        1.1096193190574646,
        1.102924012374878,
        1.0767275544166566,
        1.069451215839386,
        1.0566662696838378,
        1.0406624361038208,
        1.0211381306648255,
        1.0157971701622008,
        0.9982168622016907,
        1.0012609188079833,
        0.9822614113807678,
        0.9727432328224183,
        0.9675235333442688,
        0.952484909248352,
        0.9399658945083618,
        0.9338047912597657,
        0.9281512498855591,
        0.9280158877372742,
        0.9071799793243408,
        0.9090169823646546,
        0.8957031543731689,
        0.8924603337287903,
        0.8920010271072387,
        0.8858293212890626,
        0.8775322216033935,
        0.870999736404419,
        0.8635966731071472,
        0.8586764719963074,
        0.8539536924362182,
        0.8455033988952637,
        0.813610748052597,
        0.7939977554321289,
        0.792526592540741,
        0.787246864271164,
        0.760535018825531,
        0.7626408085346222,
        0.7581745678901672,
        0.7509692697525024,
        0.7506497621536254,
        0.7497987887382508,
        0.747668072271347,
        0.7443359700202942,
        0.73334102602005,
        0.7401181770801544,
        0.7322641890525818,
        0.7350939070701599,
        0.7344035024642944,
        0.7232537103652954,
        0.7217575271606446,
        0.729044693183899,
        0.7196595664978027,
        0.7165346992969512,
        0.7119139433860778,
        0.7102185336112976,
        0.7096113335609436,
        0.7050493016719818
    ],
    "val_loss": [
        1.7662077445983886,
        1.5306974941253662,
        1.4304468490600586,
        1.4116997180938722,
        1.307355806159973,
        1.2757678546905518,
        1.1956680908203126,
        1.1209131288528442,
        1.1077338785171509,
        1.065380732345581,
        1.0344867626190186,
        1.0105346591949462,
        0.9861127475738526,
        0.9602576137542724,
        0.9536084215164184,
        0.9168307006835937,
        0.9463775913238526,
        0.891285482788086,
        0.9193196250915527,
        0.8960919473648071,
        0.8686212364196777,
        0.8595209577560424,
        0.8369661319732666,
        0.8279291780471801,
        0.7993498455047607,
        0.8041730079650878,
        0.7723828384399414,
        0.7812558635711669,
        0.7735968132019043,
        0.761295919418335,
        0.7507385830879212,
        0.7451886736869812,
        0.7278969608306884,
        0.7383531681060791,
        0.7285188711166382,
        0.7169628698348999,
        0.718747522354126,
        0.7105296094894409,
        0.7072855597496033,
        0.6961134981155396,
        0.6796620168685913,
        0.6760773139953613,
        0.6768561259269714,
        0.684320083808899,
        0.641350510597229,
        0.6432148132324219,
        0.6483090648651123,
        0.6419862813949585,
        0.6267011323928833,
        0.6188950508117675,
        0.6200948033332825,
        0.6200139083862305,
        0.6161562208175659,
        0.6264843173980713,
        0.6108056428909302,
        0.6106859580993652,
        0.6137711506843567,
        0.6047882290840149,
        0.5998467450141907,
        0.6083713008880616,
        0.5975007955551147,
        0.5979271883010864,
        0.5941331178665161,
        0.5978696643829345,
        0.5919365021705627,
        0.5927417028427124,
        0.589110055065155,
        0.5853044828414917,
        0.5875259075164795,
        0.5861154251098633
    ],
    "train_acc": [
        0.21472498774528503,
        0.3264999985694885,
        0.3784250020980835,
        0.42157498002052307,
        0.44727498292922974,
        0.4763749837875366,
        0.4995249807834625,
        0.5185250043869019,
        0.5383749604225159,
        0.5481249690055847,
        0.566349983215332,
        0.5809000134468079,
        0.5862500071525574,
        0.5982499718666077,
        0.6085249781608582,
        0.6114999651908875,
        0.6231749653816223,
        0.6256999969482422,
        0.6310499906539917,
        0.6374499797821045,
        0.6394999623298645,
        0.6444000005722046,
        0.6508749723434448,
        0.6467499732971191,
        0.6560750007629395,
        0.65972501039505,
        0.6638749837875366,
        0.6665999889373779,
        0.6748250126838684,
        0.6708499789237976,
        0.6780749559402466,
        0.6774500012397766,
        0.687999963760376,
        0.6825999617576599,
        0.6897000074386597,
        0.6903749704360962,
        0.6913250088691711,
        0.6943249702453613,
        0.6950249671936035,
        0.6972749829292297,
        0.7002750039100647,
        0.7045999765396118,
        0.7078749537467957,
        0.7087000012397766,
        0.72284996509552,
        0.7286249995231628,
        0.7285499572753906,
        0.7305499911308289,
        0.7397499680519104,
        0.7391999959945679,
        0.7403500080108643,
        0.7411249876022339,
        0.7445749640464783,
        0.7443499565124512,
        0.7440999746322632,
        0.744825005531311,
        0.7505499720573425,
        0.7444999814033508,
        0.7526999711990356,
        0.748699963092804,
        0.7506999969482422,
        0.7516999840736389,
        0.7541999816894531,
        0.7522499561309814,
        0.755549967288971,
        0.7542499899864197,
        0.7586999535560608,
        0.7578999996185303,
        0.7574499845504761,
        0.7581999897956848
    ],
    "val_acc": [
        0.28279998898506165,
        0.39800000190734863,
        0.45350000262260437,
        0.47049999237060547,
        0.505899965763092,
        0.5333999991416931,
        0.5636999607086182,
        0.5879999995231628,
        0.5978999733924866,
        0.6243000030517578,
        0.636900007724762,
        0.6428999900817871,
        0.6532999873161316,
        0.659500002861023,
        0.6620000004768372,
        0.673799991607666,
        0.6626999974250793,
        0.6876999735832214,
        0.6836000084877014,
        0.6814999580383301,
        0.6951000094413757,
        0.696399986743927,
        0.7051999568939209,
        0.708299994468689,
        0.717199981212616,
        0.7208999991416931,
        0.7263999581336975,
        0.7269999980926514,
        0.7290999889373779,
        0.7368999719619751,
        0.7396999597549438,
        0.7421000003814697,
        0.7436000108718872,
        0.7461999654769897,
        0.7462999820709229,
        0.7548999786376953,
        0.751800000667572,
        0.7567999958992004,
        0.7567999958992004,
        0.7591999769210815,
        0.767300009727478,
        0.7660999894142151,
        0.765999972820282,
        0.7591999769210815,
        0.7807999849319458,
        0.7806999683380127,
        0.774399995803833,
        0.7770000100135803,
        0.7809000015258789,
        0.7847999930381775,
        0.7852999567985535,
        0.7856000065803528,
        0.7876999974250793,
        0.7833999991416931,
        0.7882999777793884,
        0.7906000018119812,
        0.7890999913215637,
        0.79339998960495,
        0.7924999594688416,
        0.7894999980926514,
        0.7924000024795532,
        0.7935000061988831,
        0.7978999614715576,
        0.7925999760627747,
        0.7953999638557434,
        0.7942999601364136,
        0.7960999608039856,
        0.7953999638557434,
        0.7960000038146973,
        0.7949999570846558
    ]
}