{
    "train_loss": [
        1.9433035036087036,
        1.6124054359436035,
        1.4109859558105469,
        1.2836315182685851,
        1.1959191952705384,
        1.1183005601882934,
        1.0526132308959961,
        1.0051133650779724,
        0.966009441280365,
        0.9224947430610657,
        0.8923353321075439,
        0.8591633432388306,
        0.830663161611557,
        0.8001601818561555,
        0.7788172736167908,
        0.7531736608028412,
        0.7229157964229583,
        0.6999105882167816,
        0.6853685636043548,
        0.6666120680809021,
        0.6529730895519257,
        0.6368000909805298,
        0.6144947195053101,
        0.6067383596897126,
        0.5976482747793198,
        0.5811134213447571,
        0.5734504905223846,
        0.56043760471344,
        0.5056096956968308,
        0.4893473464488983,
        0.4870369243144989,
        0.4767550935268402,
        0.46930592699050905,
        0.46915968444347383,
        0.46236231858730314,
        0.4601899080991745,
        0.4527123889684677,
        0.4425076098442078
    ],
    "val_loss": [
        1.719312967300415,
        1.4483787160873414,
        1.2401636886596679,
        1.1633071899414062,
        1.1177298198699952,
        1.0750797573089599,
        0.9591692430496216,
        0.9056543281555176,
        0.9122240966796875,
        0.816910220527649,
        0.8501290502548218,
        0.7928018156051636,
        0.7718172393798828,
        0.7342410467147827,
        0.7188186712265014,
        0.6848057996749878,
        0.6780250717163085,
        0.7045352634429931,
        0.6453366735458373,
        0.6824258951187134,
        0.6704900169372559,
        0.6488274126052856,
        0.6088802393913268,
        0.5807915702819825,
        0.6007165828704834,
        0.6115121675491333,
        0.5766782338142395,
        0.5873234622955322,
        0.5547349487304688,
        0.536903157043457,
        0.5245917037010193,
        0.5358202048301697,
        0.5303786416053772,
        0.5349661016464233,
        0.5298756899833679,
        0.5287025122642517,
        0.5309527481079102,
        0.5652464531898499
    ],
    "train_acc": [
        0.24842499196529388,
        0.3922249972820282,
        0.47977498173713684,
        0.5313499569892883,
        0.5700249671936035,
        0.6029499769210815,
        0.6255999803543091,
        0.6441499590873718,
        0.6556249856948853,
        0.6735999584197998,
        0.6874249577522278,
        0.7013999819755554,
        0.711899995803833,
        0.723800003528595,
        0.7282249927520752,
        0.7400999665260315,
        0.7510749697685242,
        0.7573999762535095,
        0.765625,
        0.7710250020027161,
        0.7763499617576599,
        0.7821499705314636,
        0.7920999526977539,
        0.7931749820709229,
        0.7962749600410461,
        0.8014499545097351,
        0.8050249814987183,
        0.8099499940872192,
        0.8285749554634094,
        0.8319999575614929,
        0.8334749937057495,
        0.8379249572753906,
        0.8415249586105347,
        0.8392249941825867,
        0.841949999332428,
        0.8430249691009521,
        0.8460749983787537,
        0.848924994468689
    ],
    "val_acc": [
        0.3344999849796295,
        0.43379998207092285,
        0.5401999950408936,
        0.5720999836921692,
        0.6017000079154968,
        0.6193999648094177,
        0.6478999853134155,
        0.6776999831199646,
        0.6798999905586243,
        0.703499972820282,
        0.6977999806404114,
        0.717799961566925,
        0.7299999594688416,
        0.7425000071525574,
        0.7513999938964844,
        0.7581999897956848,
        0.76419997215271,
        0.7610999941825867,
        0.7774999737739563,
        0.7719999551773071,
        0.770799994468689,
        0.7798999547958374,
        0.7953999638557434,
        0.8027999997138977,
        0.7949000000953674,
        0.7919999957084656,
        0.8019999861717224,
        0.800599992275238,
        0.8139999508857727,
        0.8190000057220459,
        0.8215000033378601,
        0.8212999701499939,
        0.8258999586105347,
        0.8216999769210815,
        0.8230999708175659,
        0.8269999623298645,
        0.8238999843597412,
        0.8180999755859375
    ],
    "last_epoch": 37,
    "LR": [
        0.001,
        0.001,
        0.001,
        0.001,
        0.001,
        0.001,
        0.001,
        0.001,
        0.001,
        0.001,
        0.001,
        0.001,
        0.001,
        0.001,
        0.001,
        0.001,
        0.001,
        0.001,
        0.001,
        0.001,
        0.001,
        0.001,
        0.001,
        0.001,
        0.001,
        0.001,
        0.001,
        0.0005,
        0.0005,
        0.0005,
        0.0005,
        0.0005,
        0.0005,
        0.0005,
        0.0005,
        0.0005,
        0.0005,
        0.0005
    ]
}