{
    "train_loss": [
        1.8895932594299316,
        1.5523101680755615,
        1.3346559397697448,
        1.1969328526496887,
        1.0989750497817994,
        1.006876615524292,
        0.9483781549453736,
        0.8880426393508911,
        0.8491713476657867,
        0.8031698872089386,
        0.7677072095870972,
        0.738702124118805,
        0.7113916837692261,
        0.6846806655406952,
        0.6632720714092255,
        0.63829465675354,
        0.623456469964981,
        0.6017814166069031,
        0.5860369499206542,
        0.5696194242954254,
        0.5491402510166168,
        0.5375901103973388,
        0.5222512288570405,
        0.5102183127403259,
        0.4549472697019577,
        0.44479623248577116,
        0.43353515026569367,
        0.42319957497119903,
        0.4216435020446777,
        0.4128064414024353,
        0.4045330822467804,
        0.3774060695886612,
        0.3676135862708092,
        0.36421890070438384,
        0.36004775524139404,
        0.3556701165676117,
        0.35074963824748995,
        0.3503020437479019,
        0.34459321944713595,
        0.34326005462408066,
        0.3343085345864296,
        0.33666790875196456,
        0.3361288515210152,
        0.33296555651426313,
        0.3140870558142662,
        0.3096029384851456,
        0.3099134108424187
    ],
    "val_loss": [
        1.6048251081466676,
        1.3460005393981933,
        1.2948046895980836,
        1.1289315181732178,
        1.0581799579620361,
        0.9351743953704834,
        1.0013059617996216,
        0.871180135345459,
        0.8244220703125,
        0.8199763895988464,
        0.7890408039093018,
        0.7986872011184692,
        0.7542877102851868,
        0.7386571254730224,
        0.6751311317443848,
        0.712209040260315,
        0.6431272352218628,
        0.696374380493164,
        0.6598194849014283,
        0.5898670125007629,
        0.6316516170501709,
        0.6828687015533448,
        0.6012930702209472,
        0.6387116645812988,
        0.5830542378425598,
        0.5663039867401123,
        0.5592055392265319,
        0.5933509689331055,
        0.5815037847518921,
        0.5859373563766479,
        0.5660151726722717,
        0.5589500060081481,
        0.5511351685523986,
        0.5401352955818176,
        0.540256552028656,
        0.5468753931999206,
        0.5726692287445069,
        0.5423681973457336,
        0.5552524728775025,
        0.5325045249938964,
        0.5502530759811401,
        0.5588853178977966,
        0.5682125783920288,
        0.5457797131538391,
        0.5396252279281616,
        0.5441239965438843,
        0.5459591202735901
    ],
    "train_acc": [
        0.2770499885082245,
        0.41782498359680176,
        0.5130999684333801,
        0.5679000020027161,
        0.6003999710083008,
        0.6395249962806702,
        0.6626999974250793,
        0.6818749904632568,
        0.6994999647140503,
        0.7143999934196472,
        0.7313249707221985,
        0.7397249937057495,
        0.7502250075340271,
        0.7597249746322632,
        0.7677499651908875,
        0.7776749730110168,
        0.7815749645233154,
        0.7897499799728394,
        0.795074999332428,
        0.8016499876976013,
        0.8082499504089355,
        0.8145250082015991,
        0.8179499506950378,
        0.8234249949455261,
        0.84027498960495,
        0.8446750044822693,
        0.8485999703407288,
        0.8542749881744385,
        0.8535249829292297,
        0.8557249903678894,
        0.858424961566925,
        0.8691749572753906,
        0.871275007724762,
        0.8720749616622925,
        0.8741499781608582,
        0.8750749826431274,
        0.8751749992370605,
        0.8781749606132507,
        0.8806249499320984,
        0.8811999559402466,
        0.8823750019073486,
        0.8812999725341797,
        0.8827250003814697,
        0.8841750025749207,
        0.8885249495506287,
        0.8914999961853027,
        0.892425000667572
    ],
    "val_acc": [
        0.3955000042915344,
        0.4921000003814697,
        0.5346999764442444,
        0.5895000100135803,
        0.6232999563217163,
        0.6660999655723572,
        0.6469999551773071,
        0.6938999891281128,
        0.7116000056266785,
        0.7116000056266785,
        0.7271999716758728,
        0.7254999876022339,
        0.7421999573707581,
        0.7477999925613403,
        0.7717999815940857,
        0.7616999745368958,
        0.7810999751091003,
        0.7680000066757202,
        0.7838999629020691,
        0.7989000082015991,
        0.7962999939918518,
        0.7828999757766724,
        0.7981999516487122,
        0.791700005531311,
        0.8082000017166138,
        0.8122999668121338,
        0.8154999613761902,
        0.8086000084877014,
        0.8115999698638916,
        0.8091999888420105,
        0.8115999698638916,
        0.8223999738693237,
        0.8242999911308289,
        0.8258000016212463,
        0.8269000053405762,
        0.8270999789237976,
        0.8198999762535095,
        0.830299973487854,
        0.8265999555587769,
        0.8331999778747559,
        0.8290999531745911,
        0.8287999629974365,
        0.8241999745368958,
        0.8309999704360962,
        0.8344999551773071,
        0.8290999531745911,
        0.8314999938011169
    ],
    "last_epoch": 46,
    "LR": [
        0.001,
        0.001,
        0.001,
        0.001,
        0.001,
        0.001,
        0.001,
        0.001,
        0.001,
        0.001,
        0.001,
        0.001,
        0.001,
        0.001,
        0.001,
        0.001,
        0.001,
        0.001,
        0.001,
        0.001,
        0.001,
        0.001,
        0.001,
        0.0005,
        0.0005,
        0.0005,
        0.0005,
        0.0005,
        0.0005,
        0.0005,
        0.00025,
        0.00025,
        0.00025,
        0.00025,
        0.00025,
        0.00025,
        0.00025,
        0.00025,
        0.00025,
        0.00025,
        0.00025,
        0.00025,
        0.00025,
        0.000125,
        0.000125,
        0.000125,
        0.000125
    ]
}