{
    "train_loss": [
        1.9072971364974975,
        1.5758206991195678,
        1.3580641960144042,
        1.2129558835029601,
        1.1036130858421325,
        1.0393531733512877,
        0.978335115146637,
        0.9234329658508301,
        0.8758950438499451,
        0.842213323545456,
        0.8077991763114929,
        0.7789482856750488,
        0.7508701850891113,
        0.7246732436180114,
        0.6957232355594635,
        0.6801217971324921,
        0.6685025022029877,
        0.6459710088729859,
        0.6246859899044037,
        0.613141288805008,
        0.5983334122657776,
        0.5860310186386108,
        0.5758934338808059,
        0.5629173848867416,
        0.5501166877746582,
        0.5333648527622223,
        0.5268559629678726,
        0.5203524713277817,
        0.46330158302783964,
        0.4502586344242096,
        0.4505385124206543,
        0.44193405356407167,
        0.4337731181383133,
        0.4340972786426544,
        0.4240151817560196,
        0.41920959680080416,
        0.4118656420946121,
        0.4074358843326569,
        0.40684099535942075,
        0.3760135700702667,
        0.3732439436674118,
        0.3697352696299553,
        0.3663059188604355,
        0.36728458197116853,
        0.3584316789388657,
        0.35908421621322634,
        0.3574770139217377,
        0.3500404367923737
    ],
    "val_loss": [
        1.6993882377624512,
        1.441725436592102,
        1.2286030712127685,
        1.1215183082580567,
        1.1268954902648927,
        1.014956794166565,
        0.8924715393066406,
        0.9444949397087097,
        0.8714672033309937,
        0.888980407333374,
        0.7833815189361573,
        0.810470749759674,
        0.7610780225753784,
        0.7329650003433228,
        0.7453462026596069,
        0.7351681247711181,
        0.733869614982605,
        0.6739236271858215,
        0.6774823867797851,
        0.6701926785469056,
        0.6576935188293457,
        0.6492669738769531,
        0.6062420431137086,
        0.5987546291351319,
        0.6334247770309448,
        0.6448641185760497,
        0.6098911440849304,
        0.6193061819076539,
        0.5646011365890503,
        0.5741151588439941,
        0.5626942072868347,
        0.5605559817314147,
        0.6006212195396423,
        0.557522817993164,
        0.5562011581420898,
        0.5600853534698487,
        0.5558094773292541,
        0.5776949378967285,
        0.5732665675163269,
        0.5540194157600403,
        0.5445689767837525,
        0.5479825929641724,
        0.5510803175926209,
        0.5565331789016723,
        0.550931253528595,
        0.5468239664077759,
        0.5855727931022644,
        0.564461281967163
    ],
    "train_acc": [
        0.2700999975204468,
        0.41134998202323914,
        0.5004000067710876,
        0.5607999563217163,
        0.6000249981880188,
        0.6251749992370605,
        0.6473749876022339,
        0.6700499653816223,
        0.6899499893188477,
        0.70169997215271,
        0.7143749594688416,
        0.7242499589920044,
        0.736674964427948,
        0.7428500056266785,
        0.7571249604225159,
        0.76214998960495,
        0.7672249674797058,
        0.7750749588012695,
        0.7809000015258789,
        0.7875999808311462,
        0.7904749512672424,
        0.795924961566925,
        0.8014999628067017,
        0.8047749996185303,
        0.8083499670028687,
        0.8156249523162842,
        0.8179000020027161,
        0.820099949836731,
        0.8390249609947205,
        0.8426499962806702,
        0.844249963760376,
        0.8461999893188477,
        0.8503499627113342,
        0.8478999733924866,
        0.8531249761581421,
        0.854324996471405,
        0.8561750054359436,
        0.8565999865531921,
        0.8574249744415283,
        0.8694999814033508,
        0.8692499995231628,
        0.8697499632835388,
        0.8717749714851379,
        0.8728999495506287,
        0.87357497215271,
        0.8748499751091003,
        0.8768249750137329,
        0.8804999589920044
    ],
    "val_acc": [
        0.3553999960422516,
        0.469899982213974,
        0.546999990940094,
        0.5995999574661255,
        0.5968999862670898,
        0.6380000114440918,
        0.6825000047683716,
        0.6692000031471252,
        0.6901999711990356,
        0.6829000115394592,
        0.7281000018119812,
        0.7168999910354614,
        0.7319999933242798,
        0.7457999587059021,
        0.7446999549865723,
        0.7427999973297119,
        0.7425000071525574,
        0.7717999815940857,
        0.7694999575614929,
        0.7757999897003174,
        0.770799994468689,
        0.7849000096321106,
        0.7950999736785889,
        0.7960000038146973,
        0.7874000072479248,
        0.7770000100135803,
        0.7928000092506409,
        0.7925999760627747,
        0.8118000030517578,
        0.8109999895095825,
        0.811199963092804,
        0.8154000043869019,
        0.804099977016449,
        0.8147000074386597,
        0.8168999552726746,
        0.8155999779701233,
        0.8165000081062317,
        0.8093999624252319,
        0.8152999877929688,
        0.8219999670982361,
        0.823199987411499,
        0.8194999694824219,
        0.823199987411499,
        0.8216999769210815,
        0.8262999653816223,
        0.823199987411499,
        0.81659996509552,
        0.8176999688148499
    ],
    "last_epoch": 47,
    "LR": [
        0.001,
        0.001,
        0.001,
        0.001,
        0.001,
        0.001,
        0.001,
        0.001,
        0.001,
        0.001,
        0.001,
        0.001,
        0.001,
        0.001,
        0.001,
        0.001,
        0.001,
        0.001,
        0.001,
        0.001,
        0.001,
        0.001,
        0.001,
        0.001,
        0.001,
        0.001,
        0.001,
        0.0005,
        0.0005,
        0.0005,
        0.0005,
        0.0005,
        0.0005,
        0.0005,
        0.0005,
        0.0005,
        0.0005,
        0.0005,
        0.00025,
        0.00025,
        0.00025,
        0.00025,
        0.00025,
        0.00025,
        0.00025,
        0.00025,
        0.00025,
        0.00025
    ]
}